id,username,firstName,lastName,email,password,phone,userStatus,PetId,PetName,PetStatus,PetPhoto
1,pcraske0,Célia,Craske,acraske0@fc2.com,0Zja8VtH,567-922-1015,maecenas,3444,QACats.com,sold,https://photo.com
2,aheigho1,Yóu,Heigho,yheigho1@google.com.br,T8h11W4G0zN,702-991-9850,nulla,4554,QAturtles.com,sold,https://phototurtles.com
3,rflavelle2,Lucrèce,Flavelle,sflavelle2@nbcnews.com,wAtgnS,430-664-5874,in,5665,QAelephants.com,sold,https://photoelephants.com
4,sbonwick3,Michèle,Bonwick,mbonwick3@irs.gov,4RWePc,926-396-2541,convallis,6776,QAduks.com,sold,https://photoduks.com
5,smathwin4,Dù,Mathwin,jmathwin4@de.vu,8P8F3qb,339-240-3940,consectetuer,7887,QAfox.com,sold,https://photofox.com
6,mjosephy5,Andréanne,Josephy,ijosephy5@whitehouse.gov,reTgY8t2Xgd,513-187-5594,vivamus,8998,QAmouse.com,available,https://photomouse.com
7,dchasen6,Noémie,Chasen,tchasen6@nationalgeographic.com,nXwPUsdJ,537-318-4657,orci,9009,QAfish.com,available,https://photofish.com
8,bbaroche7,Lóng,Baroche,tbaroche7@techcrunch.com,zIa6fgT,579-220-3337,nisl,1221,QAcows.com,available,https://photocows.com
9,achilcott8,Edmée,Chilcott,fchilcott8@hostgator.com,qK60onmBoF,600-363-7641,vehicula,2332,QAbears.com,available,https://photobears.com
10,ldetoile9,Cléa,Detoile,hdetoile9@w3.org,rQAVYrCrjR5,774-462-3271,vestibulum,3333,QAanimals.com,available,https://photoanimals.com
